stem,precision,recall,target_count,non_target_count,original_words
emiss,1.0,0.43478260869565216,10,0,"emission, emissions"
underpin,1.0,0.391304347826087,9,0,underpin
synergi,1.0,0.391304347826087,9,0,synergies
environmentally,1.0,0.34782608695652173,8,0,environmentally
urban,1.0,0.30434782608695654,7,0,urban
themat,1.0,0.30434782608695654,7,0,thematic
greenhous,1.0,0.30434782608695654,7,0,greenhouse
ex-post,1.0,0.2608695652173913,6,0,ex-post
biodiversity,1.0,0.2608695652173913,6,0,biodiversity
overarch,1.0,0.2608695652173913,6,0,overarching
summit,1.0,0.2608695652173913,6,0,summit
household,1.0,0.21739130434782608,5,0,"household, households"
efficiently,1.0,0.21739130434782608,5,0,efficiently
feasibility,1.0,0.21739130434782608,5,0,feasibility
forthcom,1.0,0.21739130434782608,5,0,forthcoming
applianc,1.0,0.21739130434782608,5,0,appliances
uptak,1.0,0.21739130434782608,5,0,uptake
public-priv,1.0,0.21739130434782608,5,0,public-private
disciplin,1.0,0.17391304347826086,4,0,"discipline, disciplines"
transboundary,1.0,0.17391304347826086,4,0,transboundary
preferr,1.0,0.17391304347826086,4,0,"preferred, preferring"
prototyp,1.0,0.17391304347826086,4,0,"prototype, prototypes, prototyping"
resource-effici,1.0,0.17391304347826086,4,0,resource-efficient
rtd,1.0,0.17391304347826086,4,0,rtd
multi-annu,1.0,0.17391304347826086,4,0,multi-annual
neighbour,1.0,0.17391304347826086,4,0,"neighbouring, neighbours"
upcom,1.0,0.17391304347826086,4,0,upcoming
mitigat,1.0,0.17391304347826086,4,0,mitigating
drink,1.0,0.17391304347826086,4,0,"drinking, drinks"
atmospher,1.0,0.17391304347826086,4,0,"atmosphere, atmospheric"
shortcom,1.0,0.17391304347826086,4,0,shortcomings
viabl,1.0,0.17391304347826086,4,0,viable
farm,1.0,0.17391304347826086,4,0,"farm, farming, farms"
maritim,1.0,0.17391304347826086,4,0,maritime
switch,1.0,0.17391304347826086,4,0,"switch, switching"
harm,1.0,0.17391304347826086,4,0,"harm, harmful"
disast,1.0,0.13043478260869565,3,0,"disaster, disasters"
sludg,1.0,0.13043478260869565,3,0,sludge
subsidi,1.0,0.13043478260869565,3,0,subsidies
entrepreneurship,1.0,0.13043478260869565,3,0,entrepreneurship
asylum,1.0,0.13043478260869565,3,0,asylum
terror,1.0,0.13043478260869565,3,0,terrorism
deeper,1.0,0.13043478260869565,3,0,deeper
ghg,1.0,0.13043478260869565,3,0,ghg
firmly,1.0,0.13043478260869565,3,0,firmly
biodegrad,1.0,0.13043478260869565,3,0,biodegradable
policy-mak,1.0,0.13043478260869565,3,0,policy-making
landfil,1.0,0.13043478260869565,3,0,"landfill, landfilling, landfills"
impartiality,1.0,0.13043478260869565,3,0,impartiality
up-to-d,1.0,0.13043478260869565,3,0,up-to-date
unsustain,1.0,0.13043478260869565,3,0,unsustainable
military,1.0,0.13043478260869565,3,0,military
exposur,1.0,0.13043478260869565,3,0,"exposure, exposures"
metrology,1.0,0.13043478260869565,3,0,metrology
planet,1.0,0.13043478260869565,3,0,planet
transposit,1.0,0.13043478260869565,3,0,transposition
ecolog,1.0,0.13043478260869565,3,0,ecological
sewag,1.0,0.13043478260869565,3,0,sewage
prosecutor,1.0,0.13043478260869565,3,0,prosecutors
remuner,1.0,0.13043478260869565,3,0,remuneration
medium-siz,1.0,0.13043478260869565,3,0,medium-sized
cross-sector,1.0,0.13043478260869565,3,0,"cross-sector, cross-sectoral"
lump,1.0,0.13043478260869565,3,0,lump
redirect,1.0,0.13043478260869565,3,0,"redirected, redirecting"
stori,1.0,0.13043478260869565,3,0,stories
trans-nat,1.0,0.13043478260869565,3,0,trans-national
three-year,1.0,0.13043478260869565,3,0,three-year
behind,1.0,0.13043478260869565,3,0,behind
baltic,1.0,0.13043478260869565,3,0,baltic
ultimately,1.0,0.13043478260869565,3,0,ultimately
ecodesign,1.0,0.13043478260869565,3,0,ecodesign
audio-visu,1.0,0.13043478260869565,3,0,audio-visual
cfsp,1.0,0.13043478260869565,3,0,cfsp
eco-innov,1.0,0.13043478260869565,3,0,"eco-innovation, eco-innovations, eco-innovative"
underpinn,1.0,0.13043478260869565,3,0,"underpinned, underpinning"
replic,1.0,0.13043478260869565,3,0,"replicable, replication"
collectively,1.0,0.13043478260869565,3,0,collectively
anti-corrupt,1.0,0.13043478260869565,3,0,anti-corruption
threaten,1.0,0.13043478260869565,3,0,"threaten, threatened, threatens"
user-friendly,1.0,0.13043478260869565,3,0,user-friendly
neutrality,1.0,0.13043478260869565,3,0,neutrality
aviat,1.0,0.13043478260869565,3,0,aviation
detriment,1.0,0.13043478260869565,3,0,detrimental
certainly,1.0,0.13043478260869565,3,0,certainly
pesticid,1.0,0.13043478260869565,3,0,"pesticide, pesticides"
diplomat,1.0,0.13043478260869565,3,0,diplomatic
ration,1.0,0.13043478260869565,3,0,rational
legally,1.0,0.13043478260869565,3,0,legally
enshrin,1.0,0.13043478260869565,3,0,enshrined
forest,1.0,0.13043478260869565,3,0,"forest, forests"
market-bas,1.0,0.13043478260869565,3,0,market-based
mirror,1.0,0.13043478260869565,3,0,"mirror, mirrored"
inciner,1.0,0.08695652173913043,2,0,"incineration, incinerators"
aspir,1.0,0.08695652173913043,2,0,"aspirations, aspire"
impair,1.0,0.08695652173913043,2,0,impair
factual,1.0,0.08695652173913043,2,0,factual
commercially-driven,1.0,0.08695652173913043,2,0,commercially-driven
sdg,1.0,0.08695652173913043,2,0,"sdg, sdgs"
metric,1.0,0.08695652173913043,2,0,metrics
faster,1.0,0.08695652173913043,2,0,faster
promis,1.0,0.08695652173913043,2,0,promising
scann,1.0,0.08695652173913043,2,0,scanning
unlock,1.0,0.08695652173913043,2,0,"unlock, unlocking"
customer-driven,1.0,0.08695652173913043,2,0,customer-driven
industrialis,1.0,0.08695652173913043,2,0,"industrialisation, industrialised"
ineffici,1.0,0.08695652173913043,2,0,"inefficiencies, inefficient"
land-bas,1.0,0.08695652173913043,2,0,land-based
downstream,1.0,0.08695652173913043,2,0,downstream
ipcc,1.0,0.08695652173913043,2,0,ipcc
marketplac,1.0,0.08695652173913043,2,0,marketplace
frontrunn,1.0,0.08695652173913043,2,0,"frontrunner, frontrunners"
variabl,1.0,0.08695652173913043,2,0,variable
statut,1.0,0.08695652173913043,2,0,statute
eco-system,1.0,0.08695652173913043,2,0,"eco-system, eco-systems"
osc,1.0,0.08695652173913043,2,0,osce
eir,1.0,0.08695652173913043,2,0,eir
divert,1.0,0.08695652173913043,2,0,"divert, diverted"
novel,1.0,0.08695652173913043,2,0,novel
upstream,1.0,0.08695652173913043,2,0,upstream
ippc,1.0,0.08695652173913043,2,0,ippc
particul,1.0,0.08695652173913043,2,0,particulate
traffick,1.0,0.08695652173913043,2,0,trafficking
awai,1.0,0.08695652173913043,2,0,away
comitology,1.0,0.08695652173913043,2,0,comitology
danger,1.0,0.08695652173913043,2,0,dangerous
fifth,1.0,0.08695652173913043,2,0,fifth
urg,1.0,0.08695652173913043,2,0,"urged, urges"
thirty,1.0,0.08695652173913043,2,0,thirty
uniformly,1.0,0.08695652173913043,2,0,uniformly
impedi,1.0,0.08695652173913043,2,0,impediment
unlik,1.0,0.08695652173913043,2,0,unlike
advertis,1.0,0.08695652173913043,2,0,"advertised, advertising"
evidence-bas,1.0,0.08695652173913043,2,0,evidence-based
catalyst,1.0,0.08695652173913043,2,0,catalyst
fte,1.0,0.08695652173913043,2,0,fte
granularity,1.0,0.08695652173913043,2,0,granularity
entrepreneur,1.0,0.08695652173913043,2,0,entrepreneurs
count,1.0,0.08695652173913043,2,0,counted
mapp,1.0,0.08695652173913043,2,0,mapping
wage,1.0,0.08695652173913043,2,0,"wage, wages"
articulat,1.0,0.08695652173913043,2,0,articulated
shelter,1.0,0.08695652173913043,2,0,shelter
flar,1.0,0.08695652173913043,2,0,flaring
convinc,1.0,0.08695652173913043,2,0,convinced
spatial,1.0,0.08695652173913043,2,0,spatial
embodi,1.0,0.08695652173913043,2,0,embodied
ian,1.0,0.08695652173913043,2,0,"ian, ians"
flood,1.0,0.08695652173913043,2,0,"flood, flooding"
upload,1.0,0.08695652173913043,2,0,uploaded
academia,1.0,0.08695652173913043,2,0,academia
tape,1.0,0.08695652173913043,2,0,tape
litter,1.0,0.08695652173913043,2,0,"litter, littering"
hotel,1.0,0.08695652173913043,2,0,"hotel, hotels"
novelty,1.0,0.08695652173913043,2,0,novelty
fee,1.0,0.08695652173913043,2,0,fees
hundr,1.0,0.08695652173913043,2,0,hundred
teu,1.0,0.08695652173913043,2,0,teu
hospit,1.0,0.08695652173913043,2,0,hospitals
battl,1.0,0.08695652173913043,2,0,battle
livestock,1.0,0.08695652173913043,2,0,livestock
medium-term,1.0,0.08695652173913043,2,0,medium-term
renov,1.0,0.08695652173913043,2,0,renovation
overhead,1.0,0.08695652173913043,2,0,"overhead, overheads"
whistle-blow,1.0,0.08695652173913043,2,0,whistle-blowers
criminalis,1.0,0.08695652173913043,2,0,"criminalisation, criminalise"
bird,1.0,0.08695652173913043,2,0,"bird, birds"
deplet,1.0,0.08695652173913043,2,0,"depleted, depletion"
steady,1.0,0.08695652173913043,2,0,steady
umbrella,1.0,0.08695652173913043,2,0,umbrella
nitrat,1.0,0.08695652173913043,2,0,nitrates
coastal,1.0,0.08695652173913043,2,0,coastal
underwai,1.0,0.08695652173913043,2,0,underway
quantify,1.0,0.08695652173913043,2,0,quantify
wetland,1.0,0.08695652173913043,2,0,wetlands
asid,1.0,0.08695652173913043,2,0,aside
irregular,1.0,0.08695652173913043,2,0,irregularities
wind,1.0,0.08695652173913043,2,0,wind
refin,1.0,0.08695652173913043,2,0,"refined, refining"
tropic,1.0,0.08695652173913043,2,0,"tropical, tropics"
salari,1.0,0.08695652173913043,2,0,salaries
two-year,1.0,0.08695652173913043,2,0,two-year
hierarchy,1.0,0.08695652173913043,2,0,hierarchy
nois,1.0,0.08695652173913043,2,0,noise
reluct,1.0,0.08695652173913043,2,0,"reluctance, reluctant"
co-financ,1.0,0.08695652173913043,2,0,co-financing
outreach,1.0,0.08695652173913043,2,0,outreach
eutroph,1.0,0.08695652173913043,2,0,eutrophication
uneven,1.0,0.08695652173913043,2,0,uneven
greener,1.0,0.08695652173913043,2,0,greener
lenient,1.0,0.08695652173913043,2,0,lenient
world-wid,1.0,0.08695652173913043,2,0,world-wide
cater,1.0,0.08695652173913043,2,0,"cater, catering"
erdf,1.0,0.08695652173913043,2,0,erdf
oversight,1.0,0.08695652173913043,2,0,oversight
bat,1.0,0.08695652173913043,2,0,bat
aquat,1.0,0.08695652173913043,2,0,aquatic
scaling-up,1.0,0.08695652173913043,2,0,scaling-up
twofold,1.0,0.08695652173913043,2,0,twofold
twice,1.0,0.08695652173913043,2,0,twice
diffus,1.0,0.08695652173913043,2,0,"diffuse, diffusion"
centralis,1.0,0.08695652173913043,2,0,centralised
confus,1.0,0.08695652173913043,2,0,confusing
natura,1.0,0.08695652173913043,2,0,natura
fork,1.0,0.08695652173913043,2,0,fork
urgently,1.0,0.08695652173913043,2,0,urgently
micro,1.0,0.08695652173913043,2,0,micro
charact,1.0,0.08695652173913043,2,0,character
eap,1.0,0.08695652173913043,2,0,eap
electronically,1.0,0.08695652173913043,2,0,electronically
pathwai,1.0,0.08695652173913043,2,0,"pathway, pathways"
abm,1.0,0.08695652173913043,2,0,abm
thessaloniki,1.0,0.08695652173913043,2,0,thessaloniki
toi,1.0,0.08695652173913043,2,0,"toy, toys"
prudent,1.0,0.08695652173913043,2,0,prudent
readmiss,1.0,0.08695652173913043,2,0,readmission
frequent,1.0,0.08695652173913043,2,0,frequent
unfccc,1.0,0.08695652173913043,2,0,unfccc
pict,1.0,0.08695652173913043,2,0,pict
expert-level,1.0,0.08695652173913043,2,0,expert-level
politically,1.0,0.08695652173913043,2,0,politically
vienna,1.0,0.08695652173913043,2,0,vienna
headquart,1.0,0.08695652173913043,2,0,headquarters
e-prtr,1.0,0.08695652173913043,2,0,e-prtr
pos,1.0,0.08695652173913043,2,0,posed
foresaw,1.0,0.08695652173913043,2,0,foresaw
re-us,1.0,0.08695652173913043,2,0,re-use
tomorrow,1.0,0.08695652173913043,2,0,tomorrow
facto,1.0,0.08695652173913043,2,0,facto
weapon,1.0,0.08695652173913043,2,0,weapons
prerog,1.0,0.08695652173913043,2,0,prerogative
qualify,1.0,0.08695652173913043,2,0,"qualify, qualifying"
ratify,1.0,0.08695652173913043,2,0,ratifying
stood,1.0,0.08695652173913043,2,0,stood
impetu,1.0,0.08695652173913043,2,0,impetus
gett,1.0,0.08695652173913043,2,0,getting
in-depth,1.0,0.08695652173913043,2,0,in-depth
solar,1.0,0.08695652173913043,2,0,solar
coalit,1.0,0.08695652173913043,2,0,coalition
abstract,1.0,0.08695652173913043,2,0,"abstraction, abstractions, abstracts"
peer,1.0,0.08695652173913043,2,0,"peer, peers"
rational,1.0,0.08695652173913043,2,0,rationale
underw,1.0,0.08695652173913043,2,0,underwent
island,1.0,0.08695652173913043,2,0,"island, islands"
xxx,1.0,0.08695652173913043,2,0,xxx
ill-treat,1.0,0.08695652173913043,2,0,ill-treatment
decai,1.0,0.08695652173913043,2,0,"decay, decays"
nee,1.0,0.08695652173913043,2,0,nee
decarbonis,1.0,0.08695652173913043,2,0,"decarbonisation, decarbonised"
visa-fre,1.0,0.08695652173913043,2,0,visa-free
stipulat,1.0,0.08695652173913043,2,0,stipulated
bad,1.0,0.08695652173913043,2,0,"bad, bads"
bioga,1.0,0.08695652173913043,2,0,biogas
maker,1.0,0.08695652173913043,2,0,makers
resource-intens,1.0,0.08695652173913043,2,0,resource-intensive
methan,1.0,0.08695652173913043,2,0,methane
openly,1.0,0.08695652173913043,2,0,openly
winn,1.0,0.08695652173913043,2,0,winning
recipi,1.0,0.08695652173913043,2,0,"recipient, recipients"
increment,1.0,0.08695652173913043,2,0,incremental
anthropogen,1.0,0.08695652173913043,2,0,anthropogenic
cip,1.0,0.08695652173913043,2,0,cip
public-sector,1.0,0.08695652173913043,2,0,public-sector
bath,1.0,0.08695652173913043,2,0,bathing
up-front,1.0,0.08695652173913043,2,0,up-front
sector-specif,1.0,0.08695652173913043,2,0,sector-specific
durability,1.0,0.08695652173913043,2,0,durability
imparti,1.0,0.08695652173913043,2,0,impartial
greatly,1.0,0.08695652173913043,2,0,greatly
desertif,1.0,0.08695652173913043,2,0,desertification
decoupl,1.0,0.08695652173913043,2,0,"decouple, decoupling"
inappropri,1.0,0.08695652173913043,2,0,inappropriate
devot,1.0,0.08695652173913043,2,0,"devoted, devoting"
illicit,1.0,0.08695652173913043,2,0,illicit
forestry,1.0,0.08695652173913043,2,0,forestry
sustainability,0.9230769230769231,0.5217391304347826,12,1,sustainability
barrier,0.9166666666666666,0.4782608695652174,11,1,"barrier, barriers"
explor,0.8888888888888888,0.34782608695652173,8,1,"exploration, explore, explored, exploring"
obstacl,0.8888888888888888,0.34782608695652173,8,1,"obstacle, obstacles"
diversity,0.875,0.30434782608695654,7,1,diversity
mass,0.875,0.30434782608695654,7,1,mass
pollut,0.875,0.30434782608695654,7,1,"pollutant, pollutants, polluting, pollution"
complex,0.875,0.30434782608695654,7,1,complex
environment,0.8695652173913043,0.8695652173913043,20,3,environmental
cohes,0.8571428571428571,0.2608695652173913,6,1,"cohesion, cohesive"
polic,0.8571428571428571,0.2608695652173913,6,1,"police, polices"
employ,0.8333333333333334,0.43478260869565216,10,2,"employers, employment"
domain,0.8333333333333334,0.21739130434782608,5,1,"domain, domains"
confid,0.8333333333333334,0.21739130434782608,5,1,confidence
tourism,0.8333333333333334,0.21739130434782608,5,1,tourism
visibility,0.8333333333333334,0.21739130434782608,5,1,visibility
cross-bord,0.8333333333333334,0.21739130434782608,5,1,cross-border
ngo,0.8333333333333334,0.21739130434782608,5,1,"ngo, ngos"
regulat,0.8333333333333334,0.21739130434782608,5,1,"regulated, regulating"
minimis,0.8333333333333334,0.21739130434782608,5,1,"minimise, minimised, minimising"
expans,0.8333333333333334,0.21739130434782608,5,1,"expansion, expansions"
hinder,0.8333333333333334,0.21739130434782608,5,1,"hinder, hindered, hindering, hinders"
sens,0.8333333333333334,0.21739130434782608,5,1,"sense, sensing"
accredit,0.8333333333333334,0.21739130434782608,5,1,"accreditation, accredited"
excel,0.8333333333333334,0.21739130434782608,5,1,"excellence, excellent"
voluntary,0.8333333333333334,0.21739130434782608,5,1,voluntary
corrupt,0.8333333333333334,0.21739130434782608,5,1,"corrupt, corruption"
idea,0.8333333333333334,0.21739130434782608,5,1,"idea, ideas"
separately,0.8333333333333334,0.21739130434782608,5,1,separately
discharg,0.8333333333333334,0.21739130434782608,5,1,"discharge, discharged, discharges, discharging"
past,0.8,0.5217391304347826,12,3,past
capit,0.8,0.5217391304347826,12,3,capital
societ,0.8,0.34782608695652173,8,2,societal
border,0.8,0.34782608695652173,8,2,"border, bordering, borders"
ownership,0.8,0.34782608695652173,8,2,ownership
fresh,0.8,0.17391304347826086,4,1,fresh
fiscal,0.8,0.17391304347826086,4,1,fiscal
stabilis,0.8,0.17391304347826086,4,1,"stabilisation, stabilising"
reus,0.8,0.17391304347826086,4,1,"reuse, reused, reusing"
pharmaceut,0.8,0.17391304347826086,4,1,"pharmaceutical, pharmaceuticals"
routin,0.8,0.17391304347826086,4,1,routine
sum,0.8,0.17391304347826086,4,1,"sum, sums"
circular,0.8,0.17391304347826086,4,1,circular
diversif,0.8,0.17391304347826086,4,1,diversification
cross-cutt,0.8,0.17391304347826086,4,1,cross-cutting
tangibl,0.8,0.17391304347826086,4,1,tangible
left,0.8,0.17391304347826086,4,1,left
distinct,0.8,0.17391304347826086,4,1,"distinct, distinction, distinctive"
diverg,0.8,0.17391304347826086,4,1,"divergence, divergences, divergent, diverging"
prosecut,0.8,0.17391304347826086,4,1,"prosecute, prosecution, prosecutions"
consolidat,0.8,0.17391304347826086,4,1,"consolidated, consolidating"
stream,0.8,0.17391304347826086,4,1,"stream, streaming, streams"
conduc,0.8,0.17391304347826086,4,1,conducive
crime,0.8,0.17391304347826086,4,1,"crime, crimes"
finalis,0.8,0.17391304347826086,4,1,"finalise, finalised"
modest,0.8,0.17391304347826086,4,1,modest
parliamentary,0.8,0.17391304347826086,4,1,parliamentary
extraordinary,0.8,0.17391304347826086,4,1,extraordinary
here,0.8,0.17391304347826086,4,1,here
gdp,0.8,0.17391304347826086,4,1,gdp
migrat,0.8,0.17391304347826086,4,1,migration
imped,0.8,0.17391304347826086,4,1,"impede, impeded, impeding"
climat,0.7894736842105263,0.6521739130434783,15,4,"climat, climate, climates, climatic"
threat,0.7777777777777778,0.30434782608695654,7,2,"threat, threats"
acqui,0.7777777777777778,0.30434782608695654,7,2,acquis
henc,0.7777777777777778,0.30434782608695654,7,2,hence
taxat,0.7777777777777778,0.30434782608695654,7,2,taxation
gradually,0.7777777777777778,0.30434782608695654,7,2,gradually
sme,0.7777777777777778,0.30434782608695654,7,2,"sme, smes"
attract,0.7692307692307693,0.43478260869565216,10,3,"attract, attracted, attracting, attraction, attractive, attractiveness"
engag,0.7692307692307693,0.43478260869565216,10,3,"engage, engaged, engagement, engaging"
wast,0.7692307692307693,0.43478260869565216,10,3,"waste, wasted, wastes"
efficiency,0.7647058823529411,0.5652173913043478,13,4,efficiency
global,0.7619047619047619,0.6956521739130435,16,5,global
decision-mak,0.75,0.391304347826087,9,3,"decision-makers, decision-making"
input,0.75,0.391304347826087,9,3,"input, inputs"
execut,0.75,0.391304347826087,9,3,"execute, executed, executes, execution, executions, executive"
horizon,0.75,0.391304347826087,9,3,"horizon, horizons"
converg,0.75,0.2608695652173913,6,2,"convergence, converging"
modern,0.75,0.2608695652173913,6,2,"modern, modernization"
track,0.75,0.2608695652173913,6,2,"track, tracked, tracking"
approxim,0.75,0.2608695652173913,6,2,approximation
seven,0.75,0.2608695652173913,6,2,seven
mutually,0.75,0.2608695652173913,6,2,mutually
realis,0.75,0.2608695652173913,6,2,"realisation, realise, realised"
debat,0.75,0.2608695652173913,6,2,"debate, debated, debates"
land,0.75,0.2608695652173913,6,2,"land, landing, lands"
driver,0.75,0.2608695652173913,6,2,"driver, drivers"
clean,0.75,0.2608695652173913,6,2,clean
nevertheless,0.75,0.2608695652173913,6,2,nevertheless
parallel,0.75,0.2608695652173913,6,2,"parallel, parallels"
announc,0.75,0.2608695652173913,6,2,"announced, announcement"
learn,0.75,0.2608695652173913,6,2,"learned, learning"
carbon,0.75,0.2608695652173913,6,2,carbon
sink,0.75,0.13043478260869565,3,1,"sink, sinks"
habitat,0.75,0.13043478260869565,3,1,"habitat, habitats"
sometim,0.75,0.13043478260869565,3,1,sometimes
declin,0.75,0.13043478260869565,3,1,"decline, declined, declining"
children,0.75,0.13043478260869565,3,1,children
fossil,0.75,0.13043478260869565,3,1,fossil
stringent,0.75,0.13043478260869565,3,1,stringent
judiciary,0.75,0.13043478260869565,3,1,judiciary
har,0.75,0.13043478260869565,3,1,"harness, harnessed, harnessing"
hamper,0.75,0.13043478260869565,3,1,"hamper, hampered, hampering"
commercialis,0.75,0.13043478260869565,3,1,"commercialisation, commercialise"
inspir,0.75,0.13043478260869565,3,1,"inspire, inspired"
blue,0.75,0.13043478260869565,3,1,blue
prescrib,0.75,0.13043478260869565,3,1,"prescribe, prescribed"
miss,0.75,0.13043478260869565,3,1,"miss, missed, missing"
reli,0.75,0.13043478260869565,3,1,"relied, relies"
vocat,0.75,0.13043478260869565,3,1,"vocation, vocational"
ventur,0.75,0.13043478260869565,3,1,"venture, ventures"
fisheri,0.75,0.13043478260869565,3,1,fisheries
min,0.75,0.13043478260869565,3,1,"min, mining"
entirely,0.75,0.13043478260869565,3,1,entirely
monei,0.75,0.13043478260869565,3,1,money
scrutiny,0.75,0.13043478260869565,3,1,scrutiny
prerequisit,0.75,0.13043478260869565,3,1,prerequisite
linkag,0.75,0.13043478260869565,3,1,linkages
judg,0.75,0.13043478260869565,3,1,"judged, judges"
inventori,0.75,0.13043478260869565,3,1,"inventoried, inventories"
launder,0.75,0.13043478260869565,3,1,laundering
motor,0.75,0.13043478260869565,3,1,"motor, motors"
municip,0.75,0.13043478260869565,3,1,"municipal, municipalities"
young,0.75,0.13043478260869565,3,1,young
car,0.75,0.13043478260869565,3,1,"car, cars"
verifi,0.75,0.13043478260869565,3,1,"verifiable, verified"
infring,0.75,0.13043478260869565,3,1,"infringe, infringement, infringements, infringing"
ban,0.75,0.13043478260869565,3,1,"ban, bans"
sav,0.75,0.13043478260869565,3,1,"saving, savings"
semest,0.75,0.13043478260869565,3,1,semester
entity,0.75,0.13043478260869565,3,1,entity
viability,0.75,0.13043478260869565,3,1,viability
iter,0.75,0.13043478260869565,3,1,"iter, iteration, iterations, iterative"
visa,0.75,0.13043478260869565,3,1,"visa, visas"
huge,0.75,0.13043478260869565,3,1,huge
inconsist,0.75,0.13043478260869565,3,1,"inconsistencies, inconsistent"
heavy,0.75,0.13043478260869565,3,1,heavy
conceiv,0.75,0.13043478260869565,3,1,conceived
elaborat,0.75,0.13043478260869565,3,1,"elaborated, elaborating"
quarter,0.75,0.13043478260869565,3,1,"quarter, quarters"
client,0.75,0.13043478260869565,3,1,"client, clients"
prolifer,0.75,0.13043478260869565,3,1,proliferation
recruit,0.75,0.13043478260869565,3,1,"recruit, recruitment"
amongst,0.75,0.13043478260869565,3,1,amongst
suffer,0.75,0.13043478260869565,3,1,"suffer, suffering, suffers"
privileg,0.75,0.13043478260869565,3,1,"privilege, privileged"
util,0.75,0.13043478260869565,3,1,"utilities, utilization"
restor,0.75,0.13043478260869565,3,1,"restoration, restore, restoring"
monetary,0.75,0.13043478260869565,3,1,monetary
distanc,0.75,0.13043478260869565,3,1,"distance, distances"
explicitly,0.75,0.13043478260869565,3,1,explicitly
socially,0.75,0.13043478260869565,3,1,socially
sixth,0.75,0.13043478260869565,3,1,sixth
wild,0.75,0.13043478260869565,3,1,wild
defenc,0.75,0.13043478260869565,3,1,defence
environ,0.7407407407407407,0.8695652173913043,20,7,"environment, environments"
health,0.7368421052631579,0.6086956521739131,14,5,health
infrastructur,0.7333333333333333,0.4782608695652174,11,4,"infrastructural, infrastructure, infrastructures"
fit,0.7272727272727273,0.34782608695652173,8,3,"fit, fitness"
streamlin,0.7272727272727273,0.34782608695652173,8,3,"streamline, streamlined, streamlining"
advantag,0.7272727272727273,0.34782608695652173,8,3,"advantage, advantages"
responsibility,0.7142857142857143,0.43478260869565216,10,4,responsibility
alia,0.7142857142857143,0.43478260869565216,10,4,alia
treati,0.7142857142857143,0.21739130434782608,5,2,treaties
pan-european,0.7142857142857143,0.21739130434782608,5,2,pan-european
solv,0.7142857142857143,0.21739130434782608,5,2,"solve, solved, solves, solving"
director,0.7142857142857143,0.21739130434782608,5,2,"directorate, directors"
urgent,0.7142857142857143,0.21739130434782608,5,2,urgent
engin,0.7142857142857143,0.21739130434782608,5,2,"engine, engineered, engineering, engineers, engines"
reliability,0.7142857142857143,0.21739130434782608,5,2,reliability
illeg,0.7142857142857143,0.21739130434782608,5,2,illegal
desir,0.7142857142857143,0.21739130434782608,5,2,"desirable, desire, desired, desiring, desirous"
conserv,0.7142857142857143,0.21739130434782608,5,2,"conservation, conserve, conserving"
lisbon,0.7142857142857143,0.21739130434782608,5,2,lisbon
dynam,0.7142857142857143,0.21739130434782608,5,2,"dynamic, dynamics"
ecosystem,0.7142857142857143,0.21739130434782608,5,2,"ecosystem, ecosystems"
liv,0.7142857142857143,0.21739130434782608,5,2,"lived, living"
mandatory,0.7142857142857143,0.21739130434782608,5,2,mandatory
mitig,0.7142857142857143,0.21739130434782608,5,2,"mitigate, mitigation"
pillar,0.7142857142857143,0.21739130434782608,5,2,pillars
deep,0.7142857142857143,0.21739130434782608,5,2,deep
get,0.7142857142857143,0.21739130434782608,5,2,"get, gets"
leader,0.7142857142857143,0.21739130434782608,5,2,"leader, leaders"
neighbourhood,0.7142857142857143,0.21739130434782608,5,2,neighbourhood
nuclear,0.7142857142857143,0.21739130434782608,5,2,nuclear
thorough,0.7142857142857143,0.21739130434782608,5,2,thorough
foster,0.7058823529411765,0.5217391304347826,12,5,"foster, fostered, fostering, fosters"
sea,0.7,0.30434782608695654,7,3,"sea, seas"
actively,0.7,0.30434782608695654,7,3,actively
incent,0.7,0.30434782608695654,7,3,"incentive, incentives"
approximately,0.7,0.30434782608695654,7,3,approximately
align,0.7,0.30434782608695654,7,3,"align, aligned, aligning, alignment, aligns"
channel,0.7,0.30434782608695654,7,3,"channel, channelled, channelling, channels"
job,0.7,0.30434782608695654,7,3,"job, jobs"
swd,0.7,0.30434782608695654,7,3,swd
dedicat,0.7,0.30434782608695654,7,3,dedicated
consolid,0.7,0.30434782608695654,7,3,"consolidate, consolidates, consolidation"
chain,0.7,0.30434782608695654,7,3,"chain, chains"
leverag,0.7,0.30434782608695654,7,3,"leverage, leveraging"
candid,0.7,0.30434782608695654,7,3,"candidate, candidates"
sustain,0.6923076923076923,0.782608695652174,18,8,"sustainable, sustained"
exploit,0.6923076923076923,0.391304347826087,9,4,"exploit, exploitation, exploited, exploiting, exploits"
sett,0.6818181818181818,0.6521739130434783,15,7,setting
kei,0.6666666666666666,0.782608695652174,18,9,"key, keyed, keys"
plai,0.6666666666666666,0.6086956521739131,14,7,"play, played, playing, plays"
busi,0.6666666666666666,0.5217391304347826,12,6,"business, businesses"
mak,0.6666666666666666,0.5217391304347826,12,6,making
crucial,0.6666666666666666,0.43478260869565216,10,5,crucial
transfer,0.6666666666666666,0.43478260869565216,10,5,"transfer, transferable, transfers"
technolog,0.6666666666666666,0.43478260869565216,10,5,technological
enforc,0.6666666666666666,0.43478260869565216,10,5,"enforce, enforceable, enforced, enforcement, enforces, enforcing"
outsid,0.6666666666666666,0.43478260869565216,10,5,outside
loss,0.6666666666666666,0.34782608695652173,8,4,"loss, losses"
dissemin,0.6666666666666666,0.34782608695652173,8,4,"disseminate, disseminates, dissemination"
movement,0.6666666666666666,0.34782608695652173,8,4,"movement, movements"
fuel,0.6666666666666666,0.34782608695652173,8,4,"fuel, fuels"
whilst,0.6666666666666666,0.2608695652173913,6,3,whilst
combat,0.6666666666666666,0.2608695652173913,6,3,"combat, combating"
marin,0.6666666666666666,0.2608695652173913,6,3,marine
audit,0.6666666666666666,0.2608695652173913,6,3,"audit, audited, auditing, audits"
underly,0.6666666666666666,0.2608695652173913,6,3,underlying
categori,0.6666666666666666,0.2608695652173913,6,3,categories
emphasi,0.6666666666666666,0.2608695652173913,6,3,emphasis
pilot,0.6666666666666666,0.2608695652173913,6,3,"pilot, piloting"
difficult,0.6666666666666666,0.2608695652173913,6,3,difficult
tax,0.6666666666666666,0.2608695652173913,6,3,tax
dispos,0.6666666666666666,0.2608695652173913,6,3,"disposal, dispose, disposed"
counter,0.6666666666666666,0.17391304347826086,4,2,"counter, countering"
charter,0.6666666666666666,0.17391304347826086,4,2,"charter, charters"
dealt,0.6666666666666666,0.17391304347826086,4,2,dealt
mostly,0.6666666666666666,0.17391304347826086,4,2,mostly
bear,0.6666666666666666,0.17391304347826086,4,2,"bear, bearing, bears"
trust,0.6666666666666666,0.17391304347826086,4,2,trust
crimin,0.6666666666666666,0.17391304347826086,4,2,criminal
stock,0.6666666666666666,0.17391304347826086,4,2,"stock, stocks"
proven,0.6666666666666666,0.17391304347826086,4,2,proven
fragment,0.6666666666666666,0.17391304347826086,4,2,"fragmentation, fragmented"
constraint,0.6666666666666666,0.17391304347826086,4,2,constraints
equity,0.6666666666666666,0.17391304347826086,4,2,equity
poor,0.6666666666666666,0.17391304347826086,4,2,poor
electr,0.6666666666666666,0.17391304347826086,4,2,"electric, electrical"
recycl,0.6666666666666666,0.17391304347826086,4,2,"recycled, recycling"
vari,0.6666666666666666,0.17391304347826086,4,2,"varied, varies"
map,0.6666666666666666,0.17391304347826086,4,2,"map, maps"
euratom,0.6666666666666666,0.17391304347826086,4,2,euratom
why,0.6666666666666666,0.17391304347826086,4,2,why
firm,0.6666666666666666,0.17391304347826086,4,2,"firm, firms"
scienc,0.6666666666666666,0.17391304347826086,4,2,"science, sciences"
compat,0.6666666666666666,0.17391304347826086,4,2,compatible
follow-up,0.6666666666666666,0.17391304347826086,4,2,follow-up
path,0.6666666666666666,0.17391304347826086,4,2,"path, paths"
eas,0.6666666666666666,0.17391304347826086,4,2,"ease, easing"
accountability,0.6666666666666666,0.17391304347826086,4,2,accountability
rural,0.6666666666666666,0.17391304347826086,4,2,rural
horizont,0.6666666666666666,0.17391304347826086,4,2,horizontal
output,0.6666666666666666,0.17391304347826086,4,2,"output, outputs"
corpor,0.6666666666666666,0.17391304347826086,4,2,"corporate, corporation"
discrimin,0.6666666666666666,0.17391304347826086,4,2,discrimination
campaign,0.6666666666666666,0.17391304347826086,4,2,"campaign, campaigns"
sanitary,0.6666666666666666,0.08695652173913043,2,1,sanitary
deploi,0.6666666666666666,0.08695652173913043,2,1,"deploy, deployed, deploying"
ceil,0.6666666666666666,0.08695652173913043,2,1,"ceiling, ceilings"
envelop,0.6666666666666666,0.08695652173913043,2,1,envelope
twinn,0.6666666666666666,0.08695652173913043,2,1,twinning
credibl,0.6666666666666666,0.08695652173913043,2,1,credible
unlikely,0.6666666666666666,0.08695652173913043,2,1,unlikely
entrepreneuri,0.6666666666666666,0.08695652173913043,2,1,entrepreneurial
readi,0.6666666666666666,0.08695652173913043,2,1,readiness
feed,0.6666666666666666,0.08695652173913043,2,1,"feed, feeds"
journalist,0.6666666666666666,0.08695652173913043,2,1,"journalist, journalists"
airport,0.6666666666666666,0.08695652173913043,2,1,"airport, airports"
fusion,0.6666666666666666,0.08695652173913043,2,1,fusion
appendic,0.6666666666666666,0.08695652173913043,2,1,appendices
mileston,0.6666666666666666,0.08695652173913043,2,1,"milestone, milestones"
ideally,0.6666666666666666,0.08695652173913043,2,1,ideally
flora,0.6666666666666666,0.08695652173913043,2,1,flora
on-the-spot,0.6666666666666666,0.08695652173913043,2,1,on-the-spot
spent,0.6666666666666666,0.08695652173913043,2,1,spent
ict,0.6666666666666666,0.08695652173913043,2,1,"ict, icts"
incub,0.6666666666666666,0.08695652173913043,2,1,incubators
catalyt,0.6666666666666666,0.08695652173913043,2,1,catalytic
forecast,0.6666666666666666,0.08695652173913043,2,1,"forecast, forecasting, forecasts"
gender,0.6666666666666666,0.08695652173913043,2,1,gender
resili,0.6666666666666666,0.08695652173913043,2,1,"resilience, resilient"
incentivis,0.6666666666666666,0.08695652173913043,2,1,"incentivisation, incentivise, incentivising"
elector,0.6666666666666666,0.08695652173913043,2,1,electoral
policymak,0.6666666666666666,0.08695652173913043,2,1,"policymakers, policymaking"
recal,0.6666666666666666,0.08695652173913043,2,1,"recalled, recalling, recalls"
multi-disciplinary,0.6666666666666666,0.08695652173913043,2,1,multi-disciplinary
aggreg,0.6666666666666666,0.08695652173913043,2,1,aggregate
root,0.6666666666666666,0.08695652173913043,2,1,root
robust,0.6666666666666666,0.08695652173913043,2,1,robust
try,0.6666666666666666,0.08695652173913043,2,1,try
earth,0.6666666666666666,0.08695652173913043,2,1,"earth, earths"
reactor,0.6666666666666666,0.08695652173913043,2,1,"reactor, reactors"
fauna,0.6666666666666666,0.08695652173913043,2,1,fauna
harvest,0.6666666666666666,0.08695652173913043,2,1,"harvest, harvested, harvesting"
incompat,0.6666666666666666,0.08695652173913043,2,1,"incompatibilities, incompatible"
dcfta,0.6666666666666666,0.08695652173913043,2,1,dcfta
gross,0.6666666666666666,0.08695652173913043,2,1,gross
penalty,0.6666666666666666,0.08695652173913043,2,1,penalty
retail,0.6666666666666666,0.08695652173913043,2,1,"retail, retailer, retailers"
momentum,0.6666666666666666,0.08695652173913043,2,1,momentum
commonly,0.6666666666666666,0.08695652173913043,2,1,commonly
forward-look,0.6666666666666666,0.08695652173913043,2,1,forward-looking
deliver,0.6666666666666666,0.08695652173913043,2,1,deliverables
logic,0.6666666666666666,0.08695652173913043,2,1,"logic, logical"
immigr,0.6666666666666666,0.08695652173913043,2,1,immigration
logist,0.6666666666666666,0.08695652173913043,2,1,logistics
bann,0.6666666666666666,0.08695652173913043,2,1,banned
mea,0.6666666666666666,0.08695652173913043,2,1,"mea, meas"
healthy,0.6666666666666666,0.08695652173913043,2,1,healthy
enp,0.6666666666666666,0.08695652173913043,2,1,enp
hydrogen,0.6666666666666666,0.08695652173913043,2,1,hydrogen
capability,0.6666666666666666,0.08695652173913043,2,1,capability
cfm,0.6666666666666666,0.08695652173913043,2,1,cfm
minist,0.6666666666666666,0.08695652173913043,2,1,minister
adher,0.6666666666666666,0.08695652173913043,2,1,"adhere, adherence, adhering"
jeopardis,0.6666666666666666,0.08695652173913043,2,1,"jeopardise, jeopardised, jeopardising"
destruct,0.6666666666666666,0.08695652173913043,2,1,"destruction, destructive"
glass,0.6666666666666666,0.08695652173913043,2,1,"glass, glasses"
rome,0.6666666666666666,0.08695652173913043,2,1,rome
defici,0.6666666666666666,0.08695652173913043,2,1,deficiencies
brief,0.6666666666666666,0.08695652173913043,2,1,brief
worth,0.6666666666666666,0.08695652173913043,2,1,worth
navig,0.6666666666666666,0.08695652173913043,2,1,"navigation, navigator"
preambl,0.6666666666666666,0.08695652173913043,2,1,preamble
fora,0.6666666666666666,0.08695652173913043,2,1,fora
halt,0.6666666666666666,0.08695652173913043,2,1,"halt, halting"
erasmu,0.6666666666666666,0.08695652173913043,2,1,erasmus
imper,0.6666666666666666,0.08695652173913043,2,1,"imperative, imperatives"
jrc,0.6666666666666666,0.08695652173913043,2,1,jrc
allevi,0.6666666666666666,0.08695652173913043,2,1,"alleviate, alleviation"
prime,0.6666666666666666,0.08695652173913043,2,1,prime
voic,0.6666666666666666,0.08695652173913043,2,1,voice
bottleneck,0.6666666666666666,0.08695652173913043,2,1,bottlenecks
reorganis,0.6666666666666666,0.08695652173913043,2,1,"reorganisation, reorganise, reorganised"
monthly,0.6666666666666666,0.08695652173913043,2,1,monthly
donor,0.6666666666666666,0.08695652173913043,2,1,"donor, donors"
cargo,0.6666666666666666,0.08695652173913043,2,1,cargo
bottom-up,0.6666666666666666,0.08695652173913043,2,1,bottom-up
inland,0.6666666666666666,0.08695652173913043,2,1,inland
co-ordinat,0.6666666666666666,0.08695652173913043,2,1,"co-ordinated, co-ordinating"
branch,0.6666666666666666,0.08695652173913043,2,1,"branch, branches, branching"
ethic,0.6666666666666666,0.08695652173913043,2,1,"ethical, ethics"
sharp,0.6666666666666666,0.08695652173913043,2,1,"sharp, sharpness"
profitability,0.6666666666666666,0.08695652173913043,2,1,profitability
cite,0.6666666666666666,0.08695652173913043,2,1,"cite, cites"
people-to-peopl,0.6666666666666666,0.08695652173913043,2,1,people-to-people
synergy,0.6666666666666666,0.08695652173913043,2,1,synergy
pose,0.6666666666666666,0.08695652173913043,2,1,"pose, poses"
ago,0.6666666666666666,0.08695652173913043,2,1,ago
fission,0.6666666666666666,0.08695652173913043,2,1,fission
advocat,0.6666666666666666,0.08695652173913043,2,1,"advocated, advocating"
architectur,0.6666666666666666,0.08695652173913043,2,1,"architecture, architectures"
motiv,0.6666666666666666,0.08695652173913043,2,1,"motivation, motivations, motive"
sensit,0.6666666666666666,0.08695652173913043,2,1,sensitive
onset,0.6666666666666666,0.08695652173913043,2,1,onset
burn,0.6666666666666666,0.08695652173913043,2,1,"burn, burning"
goe,0.6666666666666666,0.08695652173913043,2,1,goes
incomplet,0.6666666666666666,0.08695652173913043,2,1,"incomplete, incompleteness"
decentralis,0.6666666666666666,0.08695652173913043,2,1,"decentralisation, decentralise, decentralised"
public-servic,0.6666666666666666,0.08695652173913043,2,1,public-service
configur,0.6666666666666666,0.08695652173913043,2,1,"configuration, configurations"
decisively,0.6666666666666666,0.08695652173913043,2,1,decisively
cop,0.6666666666666666,0.08695652173913043,2,1,"cop, coping"
spring,0.6666666666666666,0.08695652173913043,2,1,spring
peac,0.6666666666666666,0.08695652173913043,2,1,"peace, peaceful"
cec,0.6666666666666666,0.08695652173913043,2,1,cec
thermal,0.6666666666666666,0.08695652173913043,2,1,thermal
tortur,0.6666666666666666,0.08695652173913043,2,1,torture
inaugurat,0.6666666666666666,0.08695652173913043,2,1,inaugurated
wastewat,0.6666666666666666,0.08695652173913043,2,1,wastewater
connectivity,0.6666666666666666,0.08695652173913043,2,1,connectivity
plastic,0.6666666666666666,0.08695652173913043,2,1,"plastic, plastics"
strand,0.6666666666666666,0.08695652173913043,2,1,"strand, strands"
shorter,0.6666666666666666,0.08695652173913043,2,1,shorter
justify,0.6666666666666666,0.08695652173913043,2,1,"justify, justifying"
violenc,0.6666666666666666,0.08695652173913043,2,1,violence
unfair,0.6666666666666666,0.08695652173913043,2,1,unfair
pre-access,0.6666666666666666,0.08695652173913043,2,1,pre-accession
poverty,0.6666666666666666,0.08695652173913043,2,1,poverty
chose,0.6666666666666666,0.08695652173913043,2,1,chose
partit,0.6666666666666666,0.08695652173913043,2,1,partitioning
concentrat,0.6666666666666666,0.08695652173913043,2,1,"concentrated, concentrating"
email,0.6666666666666666,0.08695652173913043,2,1,email
segment,0.6666666666666666,0.08695652173913043,2,1,segment
outset,0.6666666666666666,0.08695652173913043,2,1,outset
pursuit,0.6666666666666666,0.08695652173913043,2,1,pursuit
dissuas,0.6666666666666666,0.08695652173913043,2,1,dissuasive
panel,0.6666666666666666,0.08695652173913043,2,1,panel
uncertainti,0.6666666666666666,0.08695652173913043,2,1,uncertainties
edit,0.6666666666666666,0.08695652173913043,2,1,edition
build,0.6538461538461539,0.7391304347826086,17,9,"build, building, buildings, builds"
technology,0.6470588235294118,0.4782608695652174,11,6,technology
water,0.6470588235294118,0.4782608695652174,11,6,"water, waters"
consequ,0.6428571428571429,0.391304347826087,9,5,"consequence, consequences"
transparency,0.6428571428571429,0.391304347826087,9,5,transparency
green,0.6428571428571429,0.391304347826087,9,5,"green, greening"
bank,0.6428571428571429,0.391304347826087,9,5,"bank, banking, banks"
committ,0.6428571428571429,0.391304347826087,9,5,"committed, committing"
coordin,0.6428571428571429,0.391304347826087,9,5,"coordinate, coordination"
operat,0.6428571428571429,0.391304347826087,9,5,"operated, operating"
many,0.64,0.6956521739130435,16,9,many
plann,0.6363636363636364,0.6086956521739131,14,8,"planned, planning"
specifically,0.6363636363636364,0.30434782608695654,7,4,specifically
expand,0.6363636363636364,0.30434782608695654,7,4,"expand, expanded, expanding, expands"
food,0.6363636363636364,0.30434782608695654,7,4,"food, foods"
task,0.631578947368421,0.5217391304347826,12,7,"task, tasked, tasks"
opportun,0.625,0.6521739130434783,15,9,opportunities
reinforc,0.625,0.43478260869565216,10,6,"reinforce, reinforced, reinforcement, reinforces, reinforcing"
thereby,0.625,0.43478260869565216,10,6,thereby
secur,0.625,0.43478260869565216,10,6,"secure, secured, secures, securing, securities"
transpar,0.625,0.21739130434782608,5,3,transparent
democracy,0.625,0.21739130434782608,5,3,democracy
mandat,0.625,0.21739130434782608,5,3,"mandate, mandates, mandating"
soil,0.625,0.21739130434782608,5,3,"soil, soils"
french,0.625,0.21739130434782608,5,3,french
vision,0.625,0.21739130434782608,5,3,"vision, visions"
eu-wid,0.625,0.21739130434782608,5,3,eu-wide
theme,0.625,0.21739130434782608,5,3,"theme, themes"
simplif,0.625,0.21739130434782608,5,3,"simplification, simplifications"
estim,0.625,0.21739130434782608,5,3,"estimate, estimates, estimation, estimations"
enlarg,0.625,0.21739130434782608,5,3,"enlarged, enlargement"
stemm,0.625,0.21739130434782608,5,3,"stemmed, stemming"
co-ordin,0.625,0.21739130434782608,5,3,"co-ordinate, co-ordinates, co-ordination"
resolut,0.625,0.21739130434782608,5,3,"resolution, resolutions"
supervis,0.625,0.21739130434782608,5,3,"supervise, supervising, supervision"
digit,0.625,0.21739130434782608,5,3,"digital, digitalization"
leadership,0.625,0.21739130434782608,5,3,leadership
easier,0.625,0.21739130434782608,5,3,easier
frequency,0.625,0.21739130434782608,5,3,frequency
advic,0.625,0.21739130434782608,5,3,advice
encourag,0.6190476190476191,0.5652173913043478,13,8,"encourage, encouraged, encouragement, encourages, encouraging"
recognis,0.6190476190476191,0.5652173913043478,13,8,"recognise, recognised, recognises, recognising"
sourc,0.6153846153846154,0.6956521739130435,16,10,"source, sourced, sources, sourcing"
tradit,0.6153846153846154,0.34782608695652173,8,5,"tradition, traditional"
lack,0.6153846153846154,0.34782608695652173,8,5,"lack, lacked, lacks"
legisl,0.6129032258064516,0.8260869565217391,19,12,"legislation, legislative, legislator"
tool,0.6111111111111112,0.4782608695652174,11,7,"tool, tools"
effici,0.6086956521739131,0.6086956521739131,14,9,efficient
plan,0.6086956521739131,0.6086956521739131,14,9,"plan, plans"
privat,0.6086956521739131,0.6086956521739131,14,9,private
financ,0.6086956521739131,0.6086956521739131,14,9,"financ, finance, financed, finances, financing"
research,0.6,0.6521739130434783,15,10,"research, researchers"
manner,0.6,0.5217391304347826,12,8,manner
enterpris,0.6,0.391304347826087,9,6,"enterprise, enterprises"
analys,0.6,0.391304347826087,9,6,"analyse, analysed, analyses, analysing"
civil,0.6,0.391304347826087,9,6,"civil, civile"
freedom,0.6,0.2608695652173913,6,4,"freedom, freedoms"
mov,0.6,0.2608695652173913,6,4,"moved, moving"
enough,0.6,0.2608695652173913,6,4,enough
eight,0.6,0.2608695652173913,6,4,eight
ability,0.6,0.2608695652173913,6,4,ability
substantially,0.6,0.2608695652173913,6,4,substantially
chemic,0.6,0.2608695652173913,6,4,"chemical, chemicals"
turn,0.6,0.2608695652173913,6,4,"turn, turned"
safeguard,0.6,0.2608695652173913,6,4,"safeguard, safeguards"
stimulat,0.6,0.2608695652173913,6,4,"stimulated, stimulating"
concentr,0.6,0.2608695652173913,6,4,"concentrate, concentrates, concentration, concentrations, concentrators"
inspect,0.6,0.2608695652173913,6,4,"inspection, inspections"
mediterranean,0.6,0.13043478260869565,3,2,mediterranean
multiannu,0.6,0.13043478260869565,3,2,multiannual
choos,0.6,0.13043478260869565,3,2,"choose, choosing"
devis,0.6,0.13043478260869565,3,2,"devise, devised"
history,0.6,0.13043478260869565,3,2,history
deploy,0.6,0.13043478260869565,3,2,"deployment, deployments"
evolv,0.6,0.13043478260869565,3,2,"evolve, evolved, evolves, evolving"
live,0.6,0.13043478260869565,3,2,"live, lives"
heart,0.6,0.13043478260869565,3,2,heart
reap,0.6,0.13043478260869565,3,2,"reap, reaping"
thank,0.6,0.13043478260869565,3,2,"thank, thanks"
case-by-cas,0.6,0.13043478260869565,3,2,case-by-case
daily,0.6,0.13043478260869565,3,2,daily
crisi,0.6,0.13043478260869565,3,2,crisis
balkan,0.6,0.13043478260869565,3,2,"balkan, balkans"
medicin,0.6,0.13043478260869565,3,2,"medicinal, medicine, medicines"
possibly,0.6,0.13043478260869565,3,2,possibly
ocean,0.6,0.13043478260869565,3,2,"ocean, oceanic, oceans"
sanction,0.6,0.13043478260869565,3,2,"sanction, sanctions"
independently,0.6,0.13043478260869565,3,2,independently
doubl,0.6,0.13043478260869565,3,2,"double, doubling"
afford,0.6,0.13043478260869565,3,2,"affordable, afforded, affords"
hoc,0.6,0.13043478260869565,3,2,hoc
grid,0.6,0.13043478260869565,3,2,"grid, grids"
productivity,0.6,0.13043478260869565,3,2,productivity
emitt,0.6,0.13043478260869565,3,2,"emitted, emitters, emitting"
cumul,0.6,0.13043478260869565,3,2,"cumulation, cumulative"
pool,0.6,0.13043478260869565,3,2,"pool, pooled, pools"
safe,0.6,0.13043478260869565,3,2,safe
entrust,0.6,0.13043478260869565,3,2,"entrust, entrusted"
bulgaria,0.6,0.13043478260869565,3,2,bulgaria
river,0.6,0.13043478260869565,3,2,"river, rivers"
deposit,0.6,0.13043478260869565,3,2,"deposit, deposited, deposits"
traffic,0.6,0.13043478260869565,3,2,traffic
regardless,0.6,0.13043478260869565,3,2,regardless
abus,0.6,0.13043478260869565,3,2,"abuse, abuses"
prov,0.6,0.13043478260869565,3,2,proved
signal,0.6,0.13043478260869565,3,2,signal
optimis,0.6,0.13043478260869565,3,2,"optimisation, optimise, optimised"
entir,0.6,0.13043478260869565,3,2,entire
becam,0.6,0.13043478260869565,3,2,became
settlement,0.6,0.13043478260869565,3,2,settlement
accuracy,0.6,0.13043478260869565,3,2,accuracy
mid-term,0.6,0.13043478260869565,3,2,mid-term
romania,0.6,0.13043478260869565,3,2,romania
stabl,0.6,0.13043478260869565,3,2,stable
repair,0.6,0.13043478260869565,3,2,"repair, repaired, repairing"
boost,0.6,0.13043478260869565,3,2,"boost, boosted, boosting"
energy,0.5925925925925926,0.6956521739130435,16,11,energy
annual,0.5909090909090909,0.5652173913043478,13,9,annual
technologi,0.5882352941176471,0.43478260869565216,10,7,"technologie, technologies"
safety,0.5882352941176471,0.43478260869565216,10,7,safety
deal,0.5882352941176471,0.43478260869565216,10,7,"deal, dealing, deals"
consum,0.5882352941176471,0.43478260869565216,10,7,"consumed, consumer, consumers, consuming"
pursu,0.5882352941176471,0.43478260869565216,10,7,"pursue, pursued, pursues, pursuing"
separ,0.5882352941176471,0.43478260869565216,10,7,"separate, separation"
dialogu,0.5882352941176471,0.43478260869565216,10,7,"dialogue, dialogues"
caus,0.5882352941176471,0.43478260869565216,10,7,"cause, caused, causes, causing"
coordinat,0.5882352941176471,0.43478260869565216,10,7,"coordinated, coordinating"
associ,0.5833333333333334,0.6086956521739131,14,10,"association, associations"
regulatory,0.5833333333333334,0.6086956521739131,14,10,regulatory
variou,0.5833333333333334,0.6086956521739131,14,10,various
regularly,0.5833333333333334,0.30434782608695654,7,5,regularly
conflict,0.5833333333333334,0.30434782608695654,7,5,"conflict, conflicting, conflicts"
justic,0.5833333333333334,0.30434782608695654,7,5,justice
abl,0.5833333333333334,0.30434782608695654,7,5,able
resourc,0.5806451612903226,0.782608695652174,18,13,"resource, resources"
even,0.5789473684210527,0.4782608695652174,11,8,"even, evening"
renew,0.5789473684210527,0.4782608695652174,11,8,"renew, renewable, renewables, renewal, renewed"
evalu,0.5769230769230769,0.6521739130434783,15,11,"evaluate, evaluation, evaluations, evaluators"
manag,0.5757575757575758,0.8260869565217391,19,14,"manage, managed, management, manager, managers, manages, managing"
industri,0.5714285714285714,0.6956521739130435,16,12,"industrial, industrie, industries"
polit,0.5714285714285714,0.5217391304347826,12,9,political
check,0.5714285714285714,0.34782608695652173,8,6,"check, checked, checking, checks"
model,0.5714285714285714,0.34782608695652173,8,6,"model, modelled, modelling, models"
short,0.5714285714285714,0.34782608695652173,8,6,short
property,0.5714285714285714,0.34782608695652173,8,6,property
base,0.5714285714285714,0.34782608695652173,8,6,"base, bases"
packag,0.5714285714285714,0.34782608695652173,8,6,"package, packaged, packages, packaging"
coverag,0.5714285714285714,0.34782608695652173,8,6,coverage
estimat,0.5714285714285714,0.34782608695652173,8,6,estimated
plac,0.5714285714285714,0.34782608695652173,8,6,"placed, placing"
gain,0.5714285714285714,0.34782608695652173,8,6,"gain, gained, gaining, gains"
domest,0.5714285714285714,0.34782608695652173,8,6,domestic
alwai,0.5714285714285714,0.17391304347826086,4,3,always
justif,0.5714285714285714,0.17391304347826086,4,3,justification
vital,0.5714285714285714,0.17391304347826086,4,3,vital
lesson,0.5714285714285714,0.17391304347826086,4,3,lessons
procur,0.5714285714285714,0.17391304347826086,4,3,"procured, procurement"
electricity,0.5714285714285714,0.17391304347826086,4,3,electricity
judici,0.5714285714285714,0.17391304347826086,4,3,judicial
elect,0.5714285714285714,0.17391304347826086,4,3,"elected, election, elections"
failur,0.5714285714285714,0.17391304347826086,4,3,"failure, failures"
relatively,0.5714285714285714,0.17391304347826086,4,3,relatively
worldwid,0.5714285714285714,0.17391304347826086,4,3,worldwide
appoint,0.5714285714285714,0.17391304347826086,4,3,"appoint, appointed, appointing, appointment, appointments"
welcom,0.5714285714285714,0.17391304347826086,4,3,"welcome, welcomed, welcomes"
compris,0.5714285714285714,0.17391304347826086,4,3,"comprise, comprises, comprising"
precis,0.5714285714285714,0.17391304347826086,4,3,"precise, precision"
contractu,0.5714285714285714,0.17391304347826086,4,3,contractual
fight,0.5714285714285714,0.17391304347826086,4,3,"fight, fighting, fights"
ratif,0.5714285714285714,0.17391304347826086,4,3,ratification
smooth,0.5714285714285714,0.17391304347826086,4,3,smooth
freely,0.5714285714285714,0.17391304347826086,4,3,freely
emploi,0.5714285714285714,0.17391304347826086,4,3,"employ, employed, employs"
size,0.5714285714285714,0.17391304347826086,4,3,"size, sizes"
so-cal,0.5714285714285714,0.17391304347826086,4,3,so-called
claus,0.5714285714285714,0.17391304347826086,4,3,"clause, clauses"
merg,0.5714285714285714,0.17391304347826086,4,3,"merge, merged, merges, merging"
stand,0.5714285714285714,0.17391304347826086,4,3,"stand, standing, stands"
satisfi,0.5714285714285714,0.17391304347826086,4,3,"satisfied, satisfies"
move,0.5714285714285714,0.17391304347826086,4,3,move
restructur,0.5714285714285714,0.17391304347826086,4,3,"restructured, restructuring"
insur,0.5714285714285714,0.17391304347826086,4,3,"insurance, insurers, insuring"
seri,0.5714285714285714,0.17391304347826086,4,3,series
women,0.5714285714285714,0.17391304347826086,4,3,women
particularly,0.5652173913043478,0.5652173913043478,13,10,particularly
singl,0.5652173913043478,0.5652173913043478,13,10,single
consistency,0.5625,0.391304347826087,9,7,consistency
rais,0.5625,0.391304347826087,9,7,"raise, raised, raising"
fulfil,0.5625,0.391304347826087,9,7,"fulfil, fulfill, fulfilled, fulfilling, fulfilment"
expertis,0.5625,0.391304347826087,9,7,expertise
notably,0.5625,0.391304347826087,9,7,notably
inclus,0.5625,0.391304347826087,9,7,"inclusion, inclusive, inclusiveness"
substanti,0.5625,0.391304347826087,9,7,substantial
local,0.5555555555555556,0.6521739130434783,15,12,local
especially,0.5555555555555556,0.43478260869565216,10,8,especially
choic,0.5555555555555556,0.43478260869565216,10,8,"choice, choices"
society,0.5555555555555556,0.43478260869565216,10,8,society
core,0.5555555555555556,0.43478260869565216,10,8,"core, cores"
popul,0.5555555555555556,0.21739130434782608,5,4,"population, populations"
north,0.5555555555555556,0.21739130434782608,5,4,north
gather,0.5555555555555556,0.21739130434782608,5,4,"gather, gathered, gathering, gathers"
underlin,0.5555555555555556,0.21739130434782608,5,4,"underline, underlined, underlines"
affair,0.5555555555555556,0.21739130434782608,5,4,affairs
finally,0.5555555555555556,0.21739130434782608,5,4,finally
liberalis,0.5555555555555556,0.21739130434782608,5,4,"liberalisation, liberalise, liberalised"
press,0.5555555555555556,0.21739130434782608,5,4,"press, pressed, pressing"
thu,0.55,0.4782608695652174,11,9,thus
solut,0.5454545454545454,0.5217391304347826,12,10,"solution, solutions"
sec,0.5454545454545454,0.2608695652173913,6,5,sec
centr,0.5454545454545454,0.2608695652173913,6,5,"centre, centres"
medium,0.5454545454545454,0.2608695652173913,6,5,medium
techniqu,0.5454545454545454,0.2608695652173913,6,5,"technique, techniques"
board,0.5454545454545454,0.2608695652173913,6,5,"board, boards"
geograph,0.5454545454545454,0.2608695652173913,6,5,"geographic, geographical"
fail,0.5454545454545454,0.2608695652173913,6,5,"fail, failed, failing, fails"
despit,0.5454545454545454,0.2608695652173913,6,5,despite
skill,0.5454545454545454,0.2608695652173913,6,5,"skill, skilled, skills"
reach,0.5384615384615384,0.6086956521739131,14,12,"reach, reached, reaching"
subsidiarity,0.5384615384615384,0.30434782608695654,7,6,subsidiarity
rise,0.5384615384615384,0.30434782608695654,7,6,"rise, rises"
consumpt,0.5384615384615384,0.30434782608695654,7,6,consumption
restrict,0.5384615384615384,0.30434782608695654,7,6,"restrict, restricted, restricting, restriction, restrictions, restrictive"
mobility,0.5384615384615384,0.30434782608695654,7,6,mobility
capabl,0.5384615384615384,0.30434782608695654,7,6,"capabilities, capable"
lead,0.5357142857142857,0.6521739130434783,15,13,"lead, leading, leads"
polici,0.5357142857142857,0.6521739130434783,15,13,policies
other,0.5333333333333333,0.34782608695652173,8,7,others
paid,0.5333333333333333,0.34782608695652173,8,7,paid
foreseen,0.5333333333333333,0.34782608695652173,8,7,foreseen
court,0.5333333333333333,0.34782608695652173,8,7,"court, courts"
sector,0.5294117647058824,0.782608695652174,18,16,"sector, sectoral, sectors"
field,0.5294117647058824,0.782608695652174,18,16,"field, fields"
undertaken,0.5294117647058824,0.391304347826087,9,8,undertaken
confer,0.5294117647058824,0.391304347826087,9,8,"confer, conference, conferences, confers"
although,0.5294117647058824,0.391304347826087,9,8,although
flow,0.5294117647058824,0.391304347826087,9,8,"flow, flowing, flows"
air,0.5294117647058824,0.391304347826087,9,8,air
guarante,0.5294117647058824,0.391304347826087,9,8,"guarantee, guaranteeing, guarantees"
action,0.5277777777777778,0.8260869565217391,19,17,"action, actions"
policy,0.5263157894736842,0.8695652173913043,20,18,policy
harmonis,0.5263157894736842,0.43478260869565216,10,9,"harmonisation, harmonise, harmonised, harmonising"
reform,0.5263157894736842,0.43478260869565216,10,9,"reform, reformed, reforming, reforms"
greater,0.5263157894736842,0.43478260869565216,10,9,greater
equal,0.5263157894736842,0.43478260869565216,10,9,equal
citizen,0.5263157894736842,0.43478260869565216,10,9,"citizen, citizens"
avoid,0.5238095238095238,0.4782608695652174,11,10,"avoid, avoidance, avoided, avoiding, avoids"
regular,0.5238095238095238,0.4782608695652174,11,10,regular
depend,0.5238095238095238,0.4782608695652174,11,10,"depend, dependence, dependencies, dependent, depending, depends"
agricultur,0.5217391304347826,0.5217391304347826,12,11,"agricultural, agriculture"
extern,0.5217391304347826,0.5217391304347826,12,11,"external, externalities"
group,0.52,0.5652173913043478,13,12,"group, grouped, grouping, groupings, groups"
sever,0.52,0.5652173913043478,13,12,"several, severance, severe"
transport,0.5172413793103449,0.6521739130434783,15,14,"transport, transportable, transportation, transported, transportes, transports"
prevent,0.5161290322580645,0.6956521739130435,16,15,"prevent, preventatives, prevented, preventing, prevention, preventive, prevents"
full,0.5151515151515151,0.7391304347826086,17,16,full
social,0.5135135135135135,0.8260869565217391,19,18,social
access,0.5,0.8695652173913043,20,20,"access, accessible, accessing, accession"
instrument,0.5,0.7391304347826086,17,17,"instrument, instrumental, instrumentation, instruments"
practic,0.5,0.7391304347826086,17,17,"practicable, practical, practice, practices"
due,0.5,0.6956521739130435,16,16,due
activ,0.5,0.6956521739130435,16,16,"activate, activation, active, activities"
collect,0.5,0.6086956521739131,14,14,"collect, collected, collecting, collection, collective, collects"
among,0.5,0.5652173913043478,13,13,among
power,0.5,0.5217391304347826,12,12,"power, powered, powerful, powers"
agenda,0.5,0.4782608695652174,11,11,"agenda, agendas"
recommend,0.5,0.4782608695652174,11,11,"recommend, recommendation, recommendations, recommended, recommending, recommends"
deliv,0.5,0.4782608695652174,11,11,"deliver, delivered, delivering, delivers"
accept,0.5,0.4782608695652174,11,11,"accept, acceptable, acceptance, accepted"
favour,0.5,0.43478260869565216,10,10,"favour, favourable, favoured, favouring, favours"
four,0.5,0.43478260869565216,10,10,four
understand,0.5,0.391304347826087,9,9,"understand, understandable, understanding"
accompany,0.5,0.391304347826087,9,9,"accompany, accompanying"
envisag,0.5,0.391304347826087,9,9,"envisaged, envisages"
budgetary,0.5,0.34782608695652173,8,8,budgetary
studi,0.5,0.34782608695652173,8,8,"studied, studies"
implic,0.5,0.30434782608695654,7,7,"implication, implications"
prohibit,0.5,0.30434782608695654,7,7,"prohibit, prohibited, prohibiting, prohibition, prohibitions, prohibitive, prohibits"
code,0.5,0.30434782608695654,7,7,"code, codes"
throughout,0.5,0.30434782608695654,7,7,throughout
pressur,0.5,0.2608695652173913,6,6,"pressure, pressures"
regim,0.5,0.2608695652173913,6,6,"regime, regimes"
criteria,0.5,0.2608695652173913,6,6,criteria
stress,0.5,0.21739130434782608,5,5,"stress, stressed, stresses, stressing"
recognit,0.5,0.21739130434782608,5,5,recognition
weak,0.5,0.21739130434782608,5,5,"weak, weakness, weaknesses"
label,0.5,0.21739130434782608,5,5,"label, labelling, labels"
tfeu,0.5,0.21739130434782608,5,5,tfeu
modif,0.5,0.21739130434782608,5,5,"modification, modifications"
generat,0.5,0.21739130434782608,5,5,"generat, generated, generating"
vehicl,0.5,0.21739130434782608,5,5,"vehicle, vehicles"
multilater,0.5,0.21739130434782608,5,5,"multilateral, multilateralism"
pari,0.5,0.21739130434782608,5,5,paris
brought,0.5,0.21739130434782608,5,5,brought
purchas,0.5,0.21739130434782608,5,5,"purchase, purchased, purchaser, purchasers, purchasing"
almost,0.5,0.21739130434782608,5,5,almost
round,0.5,0.17391304347826086,4,4,"round, rounds"
foundat,0.5,0.17391304347826086,4,4,"foundation, foundations"
globally,0.5,0.17391304347826086,4,4,globally
care,0.5,0.17391304347826086,4,4,"care, careful"
back,0.5,0.17391304347826086,4,4,"back, backed"
difficulti,0.5,0.17391304347826086,4,4,difficulties
forum,0.5,0.17391304347826086,4,4,"forum, forums"
pai,0.5,0.17391304347826086,4,4,"pay, paying, pays"
cypru,0.5,0.17391304347826086,4,4,cyprus
inde,0.5,0.17391304347826086,4,4,indeed
mark,0.5,0.17391304347826086,4,4,"mark, marked, marking, marks"
zone,0.5,0.17391304347826086,4,4,"zone, zones"
variety,0.5,0.17391304347826086,4,4,variety
explain,0.5,0.17391304347826086,4,4,"explain, explained, explaining"
entail,0.5,0.17391304347826086,4,4,"entail, entails"
endors,0.5,0.17391304347826086,4,4,"endorse, endorsed, endorsement, endorses, endorsing"
modernis,0.5,0.17391304347826086,4,4,"modernisation, modernisations, modernise, modernising"
media,0.5,0.17391304347826086,4,4,media
rest,0.5,0.17391304347826086,4,4,"rest, rests"
encompass,0.5,0.17391304347826086,4,4,"encompass, encompasses, encompassing"
giv,0.5,0.17391304347826086,4,4,giving
maximis,0.5,0.17391304347826086,4,4,"maximisation, maximise, maximising"
transferr,0.5,0.17391304347826086,4,4,"transferred, transferring"
summaris,0.5,0.17391304347826086,4,4,"summarise, summarised, summarises"
western,0.5,0.17391304347826086,4,4,western
cut,0.5,0.17391304347826086,4,4,cut
seriou,0.5,0.17391304347826086,4,4,serious
reciproc,0.5,0.13043478260869565,3,3,reciprocal
surfac,0.5,0.13043478260869565,3,3,surface
malta,0.5,0.13043478260869565,3,3,malta
simplifi,0.5,0.13043478260869565,3,3,simplified
pass,0.5,0.13043478260869565,3,3,"pass, passed, passes, passing"
messag,0.5,0.13043478260869565,3,3,"message, messages"
nine,0.5,0.13043478260869565,3,3,nine
fill,0.5,0.13043478260869565,3,3,"fill, filled, filling"
rapidly,0.5,0.13043478260869565,3,3,rapidly
acknowledg,0.5,0.13043478260869565,3,3,"acknowledge, acknowledged, acknowledges, acknowledging"
previously,0.5,0.13043478260869565,3,3,previously
youth,0.5,0.13043478260869565,3,3,youth
evolut,0.5,0.13043478260869565,3,3,evolution
degrad,0.5,0.13043478260869565,3,3,"degradation, degraded"
biolog,0.5,0.13043478260869565,3,3,biological
take-up,0.5,0.13043478260869565,3,3,take-up
substitut,0.5,0.13043478260869565,3,3,"substitute, substitutes, substitution"
topic,0.5,0.13043478260869565,3,3,"topic, topical, topics"
valuabl,0.5,0.13043478260869565,3,3,valuable
systematically,0.5,0.13043478260869565,3,3,systematically
elimin,0.5,0.13043478260869565,3,3,"eliminate, elimination"
consent,0.5,0.13043478260869565,3,3,"consent, consenting"
fish,0.5,0.13043478260869565,3,3,"fish, fishing"
tend,0.5,0.13043478260869565,3,3,"tend, tended, tends"
comput,0.5,0.13043478260869565,3,3,"computational, computer, computers, computing"
deepen,0.5,0.13043478260869565,3,3,"deepen, deepened, deepening"
fast,0.5,0.13043478260869565,3,3,fast
presenc,0.5,0.13043478260869565,3,3,presence
qualifi,0.5,0.13043478260869565,3,3,qualified
employe,0.5,0.13043478260869565,3,3,"employee, employees"
spirit,0.5,0.13043478260869565,3,3,"spirit, spirits"
paramet,0.5,0.13043478260869565,3,3,"parameter, parameters"
gase,0.5,0.13043478260869565,3,3,gases
reliabl,0.5,0.13043478260869565,3,3,reliable
societi,0.5,0.08695652173913043,2,2,societies
undermin,0.5,0.08695652173913043,2,2,"undermine, undermined, undermines, undermining"
compulsory,0.5,0.08695652173913043,2,2,compulsory
retain,0.5,0.08695652173913043,2,2,"retain, retained, retaining"
annually,0.5,0.08695652173913043,2,2,annually
incom,0.5,0.08695652173913043,2,2,"income, incoming"
screen,0.5,0.08695652173913043,2,2,"screen, screening"
allianc,0.5,0.08695652173913043,2,2,"alliance, alliances"
country-specif,0.5,0.08695652173913043,2,2,country-specific
satisfy,0.5,0.08695652173913043,2,2,"satisfy, satisfying"
timefram,0.5,0.08695652173913043,2,2,"timeframe, timeframes"
mode,0.5,0.08695652173913043,2,2,"mode, modes"
grown,0.5,0.08695652173913043,2,2,grown
elig,0.5,0.08695652173913043,2,2,eligible
basin,0.5,0.08695652173913043,2,2,"basin, basins"
print,0.5,0.08695652173913043,2,2,"printed, printing"
accessibility,0.5,0.08695652173913043,2,2,accessibility
necessarily,0.5,0.08695652173913043,2,2,necessarily
unemploy,0.5,0.08695652173913043,2,2,unemployment
duchy,0.5,0.08695652173913043,2,2,duchy
vulner,0.5,0.08695652173913043,2,2,"vulnerabilities, vulnerable"
hellen,0.5,0.08695652173913043,2,2,hellenic
advers,0.5,0.08695652173913043,2,2,adverse
harmoniz,0.5,0.08695652173913043,2,2,"harmonized, harmonizing"
telecommun,0.5,0.08695652173913043,2,2,"telecommunication, telecommunications"
five-year,0.5,0.08695652173913043,2,2,five-year
subcommitte,0.5,0.08695652173913043,2,2,"subcommittee, subcommittees"
delegat,0.5,0.08695652173913043,2,2,"delegated, delegating"
conform,0.5,0.08695652173913043,2,2,"conform, conforming"
penetr,0.5,0.08695652173913043,2,2,"penetrate, penetration"
oecd,0.5,0.08695652173913043,2,2,oecd
anti-fraud,0.5,0.08695652173913043,2,2,anti-fraud
dioxid,0.5,0.08695652173913043,2,2,dioxide
know-how,0.5,0.08695652173913043,2,2,know-how
divid,0.5,0.08695652173913043,2,2,"divide, divided, divides, dividing"
portfolio,0.5,0.08695652173913043,2,2,portfolio
deduct,0.5,0.08695652173913043,2,2,"deducted, deduction"
occur,0.5,0.08695652173913043,2,2,"occur, occurs"
nationality,0.5,0.08695652173913043,2,2,nationality
hereaft,0.5,0.08695652173913043,2,2,hereafter
indigen,0.5,0.08695652173913043,2,2,indigenous
piec,0.5,0.08695652173913043,2,2,"piece, pieces"
web,0.5,0.08695652173913043,2,2,web
simpler,0.5,0.08695652173913043,2,2,simpler
baselin,0.5,0.08695652173913043,2,2,baseline
cen,0.5,0.08695652173913043,2,2,cen
index_en,0.5,0.08695652173913043,2,2,index_en
answer,0.5,0.08695652173913043,2,2,"answer, answered, answers"
driven,0.5,0.08695652173913043,2,2,driven
ing,0.5,0.08695652173913043,2,2,"ing, ings"
smart,0.5,0.08695652173913043,2,2,smart
honour,0.5,0.08695652173913043,2,2,honour
simultaneously,0.5,0.08695652173913043,2,2,simultaneously
inadequ,0.5,0.08695652173913043,2,2,inadequate
tim,0.5,0.08695652173913043,2,2,timing
readily,0.5,0.08695652173913043,2,2,readily
discret,0.5,0.08695652173913043,2,2,discretion
acced,0.5,0.08695652173913043,2,2,"accede, acceded, acceding"
magnitud,0.5,0.08695652173913043,2,2,magnitude
smaller,0.5,0.08695652173913043,2,2,smaller
medic,0.5,0.08695652173913043,2,2,medical
steer,0.5,0.08695652173913043,2,2,"steer, steering"
reaffirm,0.5,0.08695652173913043,2,2,"reaffirm, reaffirmed, reaffirming"
driv,0.5,0.08695652173913043,2,2,driving
modul,0.5,0.08695652173913043,2,2,"module, modules"
narrow,0.5,0.08695652173913043,2,2,"narrow, narrower"
index,0.5,0.08695652173913043,2,2,index
ratifi,0.5,0.08695652173913043,2,2,ratified
appendix,0.5,0.08695652173913043,2,2,appendix
vot,0.5,0.08695652173913043,2,2,"voted, voting"
agent,0.5,0.08695652173913043,2,2,"agent, agents"
undergo,0.5,0.08695652173913043,2,2,"undergo, undergoing"
drug,0.5,0.08695652173913043,2,2,"drug, drugs"
completely,0.5,0.08695652173913043,2,2,completely
inspector,0.5,0.08695652173913043,2,2,"inspectorate, inspectorates"
short-term,0.5,0.08695652173913043,2,2,short-term
turnov,0.5,0.08695652173913043,2,2,turnover
socio-econom,0.5,0.08695652173913043,2,2,socio-economic
plu,0.5,0.08695652173913043,2,2,plus
arm,0.5,0.08695652173913043,2,2,"armed, arms"
assum,0.5,0.08695652173913043,2,2,"assume, assumed"
solidarity,0.5,0.08695652173913043,2,2,solidarity
grand,0.5,0.08695652173913043,2,2,grand
italian,0.5,0.08695652173913043,2,2,italian
length,0.5,0.08695652173913043,2,2,length
manual,0.5,0.08695652173913043,2,2,"manual, manuals"
greatest,0.5,0.08695652173913043,2,2,greatest
save,0.5,0.08695652173913043,2,2,save
yield,0.5,0.08695652173913043,2,2,"yield, yielded, yields"
